Time,SpeciesName,NumCohortsPlanting,NumCohortsSerotiny,NumCohortsResprout,NumCohortsSeed,
1, 3, 0, 0, 1148, 36477, 
1, 4, 0, 0, 0, 0, 
1, 5, 0, 0, 4612, 131636, 
1, 11, 0, 0, 0, 0, 
1, 15, 0, 0, 0, 576, 
1, 17, 0, 0, 0, 0, 
1, 18, 0, 0, 0, 0, 
1, 19, 0, 0, 0, 0, 
1, 20, 0, 0, 0, 0, 
1, 21, 0, 0, 0, 0, 
1, 51, 0, 0, 0, 0, 
1, 52, 0, 0, 0, 0, 
1, 58, 0, 0, 0, 19, 
1, 59, 0, 0, 0, 1831, 
1, 61, 0, 0, 0, 774, 
1, 62, 0, 0, 0, 5281, 
1, 63, 0, 0, 0, 3452, 
1, 64, 0, 0, 0, 664, 
1, 65, 0, 0, 0, 10672, 
1, 66, 0, 0, 0, 1147, 
1, 68, 0, 0, 0, 20, 
1, 69, 0, 0, 0, 959, 
1, 81, 0, 0, 0, 1821, 
1, 93, 0, 0, 0, 0, 
1, 96, 0, 0, 0, 0, 
1, 101, 0, 0, 0, 0, 
1, 103, 0, 0, 0, 0, 
1, 104, 0, 0, 0, 0, 
1, 106, 0, 0, 0, 50, 
1, 108, 0, 0, 0, 0, 
1, 109, 0, 0, 0, 26, 
1, 113, 0, 0, 0, 0, 
1, 114, 0, 0, 0, 0, 
1, 116, 0, 0, 0, 0, 
1, 117, 0, 0, 0, 0, 
1, 118, 0, 0, 0, 0, 
1, 119, 0, 0, 0, 0, 
1, 122, 0, 0, 0, 12748, 
1, 124, 0, 0, 0, 0, 
1, 127, 0, 0, 0, 3360, 
1, 133, 0, 0, 0, 4991, 
1, 134, 0, 0, 0, 19, 
1, 135, 0, 0, 0, 1, 
1, 137, 0, 0, 0, 0, 
1, 140, 0, 0, 0, 0, 
1, 141, 0, 0, 0, 2, 
1, 142, 0, 0, 0, 0, 
1, 143, 0, 0, 0, 4403, 
1, 201, 0, 0, 0, 762, 
1, 202, 0, 0, 0, 1714, 
1, 211, 0, 0, 0, 0, 
1, 212, 0, 0, 0, 0, 
1, 242, 0, 0, 0, 0, 
1, 263, 0, 0, 0, 0, 
1, 264, 0, 0, 0, 0, 
1, 312, 0, 0, 0, 5, 
1, 313, 0, 0, 0, 0, 
1, 321, 0, 0, 0, 0, 
1, 322, 0, 0, 2, 0, 
1, 351, 0, 0, 0, 0, 
1, 352, 0, 0, 0, 0, 
1, 353, 0, 0, 0, 0, 
1, 361, 0, 0, 2, 80, 
1, 362, 0, 0, 0, 0, 
1, 375, 0, 0, 0, 0, 
1, 404, 0, 0, 0, 0, 
1, 461, 0, 0, 0, 5, 
1, 462, 0, 0, 0, 3, 
1, 463, 0, 0, 0, 101, 
1, 475, 0, 0, 0, 0, 
1, 540, 0, 0, 0, 0, 
1, 542, 0, 0, 0, 0, 
1, 544, 0, 0, 0, 0, 
1, 547, 0, 0, 0, 0, 
1, 549, 0, 0, 0, 0, 
1, 602, 0, 0, 0, 0, 
1, 603, 0, 0, 0, 0, 
1, 604, 0, 0, 22, 0, 
1, 605, 0, 0, 0, 0, 
1, 606, 0, 0, 0, 7, 
1, 631, 0, 0, 2, 0, 
1, 730, 0, 0, 0, 0, 
1, 732, 0, 0, 0, 0, 
1, 742, 0, 0, 0, 0, 
1, 745, 0, 0, 2, 0, 
1, 746, 0, 0, 0, 0, 
1, 747, 0, 0, 0, 0, 
1, 748, 0, 0, 9, 0, 
1, 749, 0, 0, 0, 0, 
1, 763, 0, 0, 2, 4, 
1, 766, 0, 0, 0, 0, 
1, 768, 0, 0, 0, 0, 
1, 801, 0, 0, 19, 4030, 
1, 803, 0, 0, 13, 360, 
1, 805, 0, 0, 28, 6112, 
1, 807, 0, 0, 6, 606, 
1, 810, 0, 0, 0, 90, 
1, 811, 0, 0, 13, 3049, 
1, 814, 0, 0, 16, 1092, 
1, 815, 0, 0, 4, 1240, 
1, 818, 0, 0, 6, 3321, 
1, 821, 0, 0, 0, 501, 
1, 823, 0, 0, 0, 2, 
1, 826, 0, 0, 0, 2, 
1, 827, 0, 0, 0, 0, 
1, 829, 0, 0, 0, 0, 
1, 834, 0, 0, 0, 0, 
1, 835, 0, 0, 0, 0, 
1, 838, 0, 0, 0, 0, 
1, 839, 0, 0, 22, 4309, 
1, 843, 0, 0, 0, 2, 
1, 846, 0, 0, 0, 19, 
1, 847, 0, 0, 0, 1, 
1, 901, 0, 0, 0, 0, 
1, 972, 0, 0, 1, 0, 
1, 973, 0, 0, 0, 0, 
1, 974, 0, 0, 0, 0, 
1, 975, 0, 0, 0, 0, 
1, 981, 0, 0, 3, 170, 
1, 73, 0, 0, 0, 0, 
2, 3, 0, 0, 2232, 81393, 
2, 4, 0, 0, 0, 0, 
2, 5, 0, 0, 4155, 212514, 
2, 11, 0, 0, 0, 0, 
2, 15, 0, 0, 0, 1108, 
2, 17, 0, 0, 0, 26, 
2, 18, 0, 0, 0, 0, 
2, 19, 0, 0, 0, 0, 
2, 20, 0, 0, 0, 17, 
2, 21, 0, 0, 0, 0, 
2, 51, 0, 0, 0, 0, 
2, 52, 0, 0, 0, 0, 
2, 58, 0, 0, 0, 23, 
2, 59, 0, 0, 0, 2037, 
2, 61, 0, 0, 0, 890, 
2, 62, 0, 0, 0, 7064, 
2, 63, 0, 0, 0, 4154, 
2, 64, 0, 0, 0, 1073, 
2, 65, 0, 0, 0, 12322, 
2, 66, 0, 0, 0, 1514, 
2, 68, 0, 0, 0, 26, 
2, 69, 0, 0, 0, 1112, 
2, 81, 0, 0, 0, 3364, 
2, 93, 0, 0, 0, 0, 
2, 96, 0, 0, 0, 0, 
2, 101, 0, 0, 0, 0, 
2, 103, 0, 0, 0, 0, 
2, 104, 0, 0, 0, 0, 
2, 106, 0, 0, 0, 486, 
2, 108, 0, 0, 0, 0, 
2, 109, 0, 0, 0, 99, 
2, 113, 0, 0, 0, 0, 
2, 114, 0, 0, 0, 0, 
2, 116, 0, 0, 0, 0, 
2, 117, 0, 0, 0, 0, 
2, 118, 0, 0, 0, 0, 
2, 119, 0, 0, 0, 0, 
2, 122, 0, 0, 0, 23706, 
2, 124, 0, 0, 0, 0, 
2, 127, 0, 0, 0, 8847, 
2, 133, 0, 0, 0, 9073, 
2, 134, 0, 0, 0, 40, 
2, 135, 0, 0, 0, 0, 
2, 137, 0, 0, 0, 2, 
2, 140, 0, 0, 0, 1, 
2, 141, 0, 0, 0, 2, 
2, 142, 0, 0, 0, 0, 
2, 143, 0, 0, 0, 7205, 
2, 201, 0, 0, 0, 972, 
2, 202, 0, 0, 0, 2212, 
2, 211, 0, 0, 0, 2, 
2, 212, 0, 0, 0, 2, 
2, 242, 0, 0, 0, 0, 
2, 263, 0, 0, 0, 0, 
2, 264, 0, 0, 0, 0, 
2, 312, 0, 0, 7, 27, 
2, 313, 0, 0, 0, 0, 
2, 321, 0, 0, 0, 0, 
2, 322, 0, 0, 1, 4, 
2, 351, 0, 0, 0, 0, 
2, 352, 0, 0, 0, 0, 
2, 353, 0, 0, 0, 0, 
2, 361, 0, 0, 2, 203, 
2, 362, 0, 0, 0, 0, 
2, 375, 0, 0, 0, 0, 
2, 404, 0, 0, 0, 0, 
2, 461, 0, 0, 0, 7, 
2, 462, 0, 0, 0, 9, 
2, 463, 0, 0, 0, 179, 
2, 475, 0, 0, 0, 0, 
2, 540, 0, 0, 1, 0, 
2, 542, 0, 0, 0, 0, 
2, 544, 0, 0, 0, 0, 
2, 547, 0, 0, 0, 0, 
2, 549, 0, 0, 0, 0, 
2, 602, 0, 0, 0, 0, 
2, 603, 0, 0, 0, 0, 
2, 604, 0, 0, 25, 6, 
2, 605, 0, 0, 0, 0, 
2, 606, 0, 0, 3, 25, 
2, 631, 0, 0, 7, 0, 
2, 730, 0, 0, 0, 0, 
2, 732, 0, 0, 2, 0, 
2, 742, 0, 0, 3, 0, 
2, 745, 0, 0, 2, 0, 
2, 746, 0, 0, 0, 0, 
2, 747, 0, 0, 0, 0, 
2, 748, 0, 0, 1, 0, 
2, 749, 0, 0, 0, 0, 
2, 763, 0, 0, 11, 1, 
2, 766, 0, 0, 0, 0, 
2, 768, 0, 0, 0, 0, 
2, 801, 0, 0, 46, 6686, 
2, 803, 0, 0, 1, 476, 
2, 805, 0, 0, 127, 8144, 
2, 807, 0, 0, 10, 1083, 
2, 810, 0, 0, 0, 106, 
2, 811, 0, 0, 50, 4083, 
2, 814, 0, 0, 17, 1446, 
2, 815, 0, 0, 14, 1730, 
2, 818, 0, 0, 34, 4627, 
2, 821, 0, 0, 0, 836, 
2, 823, 0, 0, 0, 5, 
2, 826, 0, 0, 0, 7, 
2, 827, 0, 0, 0, 0, 
2, 829, 0, 0, 0, 0, 
2, 834, 0, 0, 0, 0, 
2, 835, 0, 0, 0, 0, 
2, 838, 0, 0, 0, 2, 
2, 839, 0, 0, 110, 5873, 
2, 843, 0, 0, 0, 4, 
2, 846, 0, 0, 0, 26, 
2, 847, 0, 0, 0, 0, 
2, 901, 0, 0, 0, 0, 
2, 972, 0, 0, 1, 0, 
2, 973, 0, 0, 0, 0, 
2, 974, 0, 0, 0, 0, 
2, 975, 0, 0, 0, 0, 
2, 981, 0, 0, 8, 336, 
2, 73, 0, 0, 0, 0, 
3, 3, 0, 0, 5498, 112516, 
3, 4, 0, 0, 0, 0, 
3, 5, 0, 0, 10264, 284882, 
3, 11, 0, 0, 0, 0, 
3, 15, 0, 0, 0, 2047, 
3, 17, 0, 0, 0, 107, 
3, 18, 0, 0, 0, 0, 
3, 19, 0, 0, 0, 2, 
3, 20, 0, 0, 0, 104, 
3, 21, 0, 0, 0, 0, 
3, 51, 0, 0, 0, 0, 
3, 52, 0, 0, 0, 0, 
3, 58, 0, 0, 0, 25, 
3, 59, 0, 0, 0, 2104, 
3, 61, 0, 0, 0, 911, 
3, 62, 0, 0, 0, 8227, 
3, 63, 0, 0, 0, 4569, 
3, 64, 0, 0, 0, 1401, 
3, 65, 0, 0, 0, 14086, 
3, 66, 0, 0, 0, 1624, 
3, 68, 0, 0, 0, 25, 
3, 69, 0, 0, 0, 1210, 
3, 81, 0, 0, 0, 5581, 
3, 93, 0, 0, 0, 0, 
3, 96, 0, 0, 0, 0, 
3, 101, 0, 0, 0, 0, 
3, 103, 0, 0, 0, 0, 
3, 104, 0, 0, 0, 0, 
3, 106, 0, 0, 0, 926, 
3, 108, 0, 0, 0, 0, 
3, 109, 0, 0, 0, 246, 
3, 113, 0, 0, 0, 0, 
3, 114, 0, 0, 0, 0, 
3, 116, 0, 0, 0, 0, 
3, 117, 0, 0, 0, 0, 
3, 118, 0, 0, 0, 0, 
3, 119, 0, 0, 0, 0, 
3, 122, 0, 0, 0, 25594, 
3, 124, 0, 0, 0, 0, 
3, 127, 0, 0, 0, 18501, 
3, 133, 0, 0, 0, 10396, 
3, 134, 0, 0, 0, 28, 
3, 135, 0, 0, 0, 3, 
3, 137, 0, 0, 0, 4, 
3, 140, 0, 0, 0, 1, 
3, 141, 0, 0, 0, 0, 
3, 142, 0, 0, 0, 0, 
3, 143, 0, 0, 0, 6934, 
3, 201, 0, 0, 0, 1184, 
3, 202, 0, 0, 0, 2777, 
3, 211, 0, 0, 0, 8, 
3, 212, 0, 0, 0, 6, 
3, 242, 0, 0, 0, 0, 
3, 263, 0, 0, 0, 0, 
3, 264, 0, 0, 0, 0, 
3, 312, 0, 0, 4, 38, 
3, 313, 0, 0, 0, 1, 
3, 321, 0, 0, 1, 0, 
3, 322, 0, 0, 1, 19, 
3, 351, 0, 0, 0, 0, 
3, 352, 0, 0, 0, 0, 
3, 353, 0, 0, 0, 0, 
3, 361, 0, 0, 7, 696, 
3, 362, 0, 0, 0, 0, 
3, 375, 0, 0, 0, 0, 
3, 404, 0, 0, 0, 0, 
3, 461, 0, 0, 0, 13, 
3, 462, 0, 0, 0, 25, 
3, 463, 0, 0, 0, 484, 
3, 475, 0, 0, 0, 0, 
3, 540, 0, 0, 0, 0, 
3, 542, 0, 0, 0, 0, 
3, 544, 0, 0, 0, 0, 
3, 547, 0, 0, 0, 0, 
3, 549, 0, 0, 0, 0, 
3, 602, 0, 0, 0, 0, 
3, 603, 0, 0, 0, 0, 
3, 604, 0, 0, 4, 63, 
3, 605, 0, 0, 0, 0, 
3, 606, 0, 0, 10, 23, 
3, 631, 0, 0, 25, 243, 
3, 730, 0, 0, 0, 0, 
3, 732, 0, 0, 11, 0, 
3, 742, 0, 0, 1, 22, 
3, 745, 0, 0, 5, 18, 
3, 746, 0, 0, 0, 1, 
3, 747, 0, 0, 0, 0, 
3, 748, 0, 0, 18, 10, 
3, 749, 0, 0, 0, 17, 
3, 763, 0, 0, 6, 140, 
3, 766, 0, 0, 0, 0, 
3, 768, 0, 0, 0, 1, 
3, 801, 0, 0, 56, 12778, 
3, 803, 0, 0, 5, 672, 
3, 805, 0, 0, 178, 12013, 
3, 807, 0, 0, 20, 2269, 
3, 810, 0, 0, 0, 159, 
3, 811, 0, 0, 41, 6795, 
3, 814, 0, 0, 33, 2162, 
3, 815, 0, 0, 16, 2371, 
3, 818, 0, 0, 26, 6752, 
3, 821, 0, 0, 1, 1297, 
3, 823, 0, 0, 0, 5, 
3, 826, 0, 0, 0, 4, 
3, 827, 0, 0, 0, 0, 
3, 829, 0, 0, 0, 0, 
3, 834, 0, 0, 0, 0, 
3, 835, 0, 0, 0, 0, 
3, 838, 0, 0, 0, 2, 
3, 839, 0, 0, 134, 10203, 
3, 843, 0, 0, 0, 8, 
3, 846, 0, 0, 0, 34, 
3, 847, 0, 0, 0, 1, 
3, 901, 0, 0, 0, 0, 
3, 972, 0, 0, 2, 3, 
3, 973, 0, 0, 0, 3, 
3, 974, 0, 0, 0, 0, 
3, 975, 0, 0, 0, 0, 
3, 981, 0, 0, 6, 576, 
3, 73, 0, 0, 0, 0, 
4, 3, 0, 0, 6476, 42082, 
4, 4, 0, 0, 0, 0, 
4, 5, 0, 0, 12605, 128367, 
4, 11, 0, 0, 0, 0, 
4, 15, 0, 0, 0, 0, 
4, 17, 0, 0, 0, 0, 
4, 18, 0, 0, 0, 0, 
4, 19, 0, 0, 0, 0, 
4, 20, 0, 0, 0, 0, 
4, 21, 0, 0, 0, 0, 
4, 51, 0, 0, 0, 0, 
4, 52, 0, 0, 0, 0, 
4, 58, 0, 0, 0, 24, 
4, 59, 0, 0, 0, 1380, 
4, 61, 0, 0, 0, 688, 
4, 62, 0, 0, 0, 5364, 
4, 63, 0, 0, 0, 2807, 
4, 64, 0, 0, 0, 746, 
4, 65, 0, 0, 0, 9290, 
4, 66, 0, 0, 0, 1015, 
4, 68, 0, 0, 0, 12, 
4, 69, 0, 0, 0, 862, 
4, 81, 0, 0, 0, 0, 
4, 93, 0, 0, 0, 0, 
4, 96, 0, 0, 0, 0, 
4, 101, 0, 0, 0, 0, 
4, 103, 0, 0, 0, 0, 
4, 104, 0, 0, 0, 0, 
4, 106, 0, 0, 0, 29, 
4, 108, 0, 0, 0, 0, 
4, 109, 0, 0, 0, 12, 
4, 113, 0, 0, 0, 0, 
4, 114, 0, 0, 0, 0, 
4, 116, 0, 0, 0, 0, 
4, 117, 0, 0, 0, 0, 
4, 118, 0, 0, 0, 0, 
4, 119, 0, 0, 0, 0, 
4, 122, 0, 0, 0, 15811, 
4, 124, 0, 0, 0, 0, 
4, 127, 0, 0, 0, 4474, 
4, 133, 0, 0, 0, 6318, 
4, 134, 0, 0, 0, 20, 
4, 135, 0, 0, 0, 0, 
4, 137, 0, 0, 0, 4, 
4, 140, 0, 0, 0, 0, 
4, 141, 0, 0, 0, 1, 
4, 142, 0, 0, 0, 0, 
4, 143, 0, 0, 0, 4873, 
4, 201, 0, 0, 0, 675, 
4, 202, 0, 0, 0, 1704, 
4, 211, 0, 0, 0, 0, 
4, 212, 0, 0, 0, 0, 
4, 242, 0, 0, 0, 0, 
4, 263, 0, 0, 0, 0, 
4, 264, 0, 0, 0, 0, 
4, 312, 0, 0, 77, 0, 
4, 313, 0, 0, 0, 0, 
4, 321, 0, 0, 1, 0, 
4, 322, 0, 0, 2, 0, 
4, 351, 0, 0, 0, 0, 
4, 352, 0, 0, 0, 0, 
4, 353, 0, 0, 0, 0, 
4, 361, 0, 0, 42, 1, 
4, 362, 0, 0, 0, 0, 
4, 375, 0, 0, 0, 0, 
4, 404, 0, 0, 0, 0, 
4, 461, 0, 0, 0, 0, 
4, 462, 0, 0, 0, 0, 
4, 463, 0, 0, 0, 8, 
4, 475, 0, 0, 0, 0, 
4, 540, 0, 0, 0, 0, 
4, 542, 0, 0, 5, 0, 
4, 544, 0, 0, 2, 0, 
4, 547, 0, 0, 0, 0, 
4, 549, 0, 0, 0, 0, 
4, 602, 0, 0, 19, 0, 
4, 603, 0, 0, 0, 0, 
4, 604, 0, 0, 86, 0, 
4, 605, 0, 0, 0, 0, 
4, 606, 0, 0, 2, 0, 
4, 631, 0, 0, 25, 0, 
4, 730, 0, 0, 0, 0, 
4, 732, 0, 0, 6, 0, 
4, 742, 0, 0, 28, 0, 
4, 745, 0, 0, 13, 0, 
4, 746, 0, 0, 0, 0, 
4, 747, 0, 0, 0, 0, 
4, 748, 0, 0, 18, 0, 
4, 749, 0, 0, 12, 0, 
4, 763, 0, 0, 129, 0, 
4, 766, 0, 0, 0, 0, 
4, 768, 0, 0, 0, 0, 
4, 801, 0, 0, 251, 4141, 
4, 803, 0, 0, 5, 308, 
4, 805, 0, 0, 825, 6257, 
4, 807, 0, 0, 104, 386, 
4, 810, 0, 0, 1, 76, 
4, 811, 0, 0, 72, 2651, 
4, 814, 0, 0, 66, 1026, 
4, 815, 0, 0, 79, 923, 
4, 818, 0, 0, 264, 3572, 
4, 821, 0, 0, 30, 502, 
4, 823, 0, 0, 0, 2, 
4, 826, 0, 0, 0, 4, 
4, 827, 0, 0, 0, 0, 
4, 829, 0, 0, 0, 0, 
4, 834, 0, 0, 2, 2, 
4, 835, 0, 0, 0, 0, 
4, 838, 0, 0, 0, 2, 
4, 839, 0, 0, 204, 3876, 
4, 843, 0, 0, 0, 3, 
4, 846, 0, 0, 2, 13, 
4, 847, 0, 0, 0, 1, 
4, 901, 0, 0, 0, 0, 
4, 972, 0, 0, 22, 0, 
4, 973, 0, 0, 4, 0, 
4, 974, 0, 0, 0, 0, 
4, 975, 0, 0, 0, 0, 
4, 981, 0, 0, 97, 50, 
4, 73, 0, 0, 0, 0, 
5, 3, 0, 0, 4091, 105919, 
5, 4, 0, 0, 0, 0, 
5, 5, 0, 0, 10210, 269916, 
5, 11, 0, 0, 0, 0, 
5, 15, 0, 0, 0, 2138, 
5, 17, 0, 0, 0, 114, 
5, 18, 0, 0, 0, 0, 
5, 19, 0, 0, 0, 1, 
5, 20, 0, 0, 0, 126, 
5, 21, 0, 0, 0, 0, 
5, 51, 0, 0, 0, 0, 
5, 52, 0, 0, 0, 0, 
5, 58, 0, 0, 0, 16, 
5, 59, 0, 0, 0, 2192, 
5, 61, 0, 0, 0, 853, 
5, 62, 0, 0, 0, 7844, 
5, 63, 0, 0, 0, 4501, 
5, 64, 0, 0, 0, 1368, 
5, 65, 0, 0, 0, 13469, 
5, 66, 0, 0, 0, 1659, 
5, 68, 0, 0, 0, 23, 
5, 69, 0, 0, 0, 1219, 
5, 81, 0, 0, 0, 5630, 
5, 93, 0, 0, 0, 0, 
5, 96, 0, 0, 0, 0, 
5, 101, 0, 0, 0, 0, 
5, 103, 0, 0, 0, 0, 
5, 104, 0, 0, 0, 0, 
5, 106, 0, 0, 0, 68, 
5, 108, 0, 0, 0, 0, 
5, 109, 0, 0, 0, 104, 
5, 113, 0, 0, 0, 0, 
5, 114, 0, 0, 0, 0, 
5, 116, 0, 0, 0, 0, 
5, 117, 0, 0, 0, 0, 
5, 118, 0, 0, 0, 0, 
5, 119, 0, 0, 0, 0, 
5, 122, 0, 0, 0, 25383, 
5, 124, 0, 0, 0, 0, 
5, 127, 0, 0, 0, 15608, 
5, 133, 0, 0, 0, 10087, 
5, 134, 0, 0, 0, 33, 
5, 135, 0, 0, 0, 3, 
5, 137, 0, 0, 0, 2, 
5, 140, 0, 0, 0, 1, 
5, 141, 0, 0, 0, 1, 
5, 142, 0, 0, 0, 0, 
5, 143, 0, 0, 0, 6747, 
5, 201, 0, 0, 0, 1097, 
5, 202, 0, 0, 0, 2808, 
5, 211, 0, 0, 0, 4, 
5, 212, 0, 0, 0, 8, 
5, 242, 0, 0, 0, 0, 
5, 263, 0, 0, 0, 0, 
5, 264, 0, 0, 0, 0, 
5, 312, 0, 0, 9, 7, 
5, 313, 0, 0, 0, 0, 
5, 321, 0, 0, 0, 0, 
5, 322, 0, 0, 8, 1, 
5, 351, 0, 0, 0, 0, 
5, 352, 0, 0, 0, 0, 
5, 353, 0, 0, 0, 0, 
5, 361, 0, 0, 0, 415, 
5, 362, 0, 0, 0, 0, 
5, 375, 0, 0, 0, 0, 
5, 404, 0, 0, 0, 0, 
5, 461, 0, 0, 0, 10, 
5, 462, 0, 0, 0, 13, 
5, 463, 0, 0, 0, 301, 
5, 475, 0, 0, 0, 0, 
5, 540, 0, 0, 0, 0, 
5, 542, 0, 0, 0, 0, 
5, 544, 0, 0, 0, 0, 
5, 547, 0, 0, 0, 0, 
5, 549, 0, 0, 0, 0, 
5, 602, 0, 0, 0, 0, 
5, 603, 0, 0, 0, 0, 
5, 604, 0, 0, 5, 0, 
5, 605, 0, 0, 0, 0, 
5, 606, 0, 0, 7, 0, 
5, 631, 0, 0, 0, 167, 
5, 730, 0, 0, 0, 0, 
5, 732, 0, 0, 6, 0, 
5, 742, 0, 0, 0, 23, 
5, 745, 0, 0, 2, 6, 
5, 746, 0, 0, 0, 0, 
5, 747, 0, 0, 0, 0, 
5, 748, 0, 0, 5, 7, 
5, 749, 0, 0, 0, 5, 
5, 763, 0, 0, 39, 0, 
5, 766, 0, 0, 0, 0, 
5, 768, 0, 0, 0, 0, 
5, 801, 0, 0, 85, 11277, 
5, 803, 0, 0, 18, 641, 
5, 805, 0, 0, 105, 10735, 
5, 807, 0, 0, 23, 1949, 
5, 810, 0, 0, 0, 135, 
5, 811, 0, 0, 132, 6020, 
5, 814, 0, 0, 42, 1957, 
5, 815, 0, 0, 30, 2210, 
5, 818, 0, 0, 59, 5856, 
5, 821, 0, 0, 0, 1169, 
5, 823, 0, 0, 0, 2, 
5, 826, 0, 0, 0, 8, 
5, 827, 0, 0, 0, 0, 
5, 829, 0, 0, 0, 0, 
5, 834, 0, 0, 0, 0, 
5, 835, 0, 0, 0, 0, 
5, 838, 0, 0, 0, 1, 
5, 839, 0, 0, 73, 9925, 
5, 843, 0, 0, 0, 0, 
5, 846, 0, 0, 0, 30, 
5, 847, 0, 0, 0, 2, 
5, 901, 0, 0, 0, 0, 
5, 972, 0, 0, 0, 0, 
5, 973, 0, 0, 0, 0, 
5, 974, 0, 0, 0, 0, 
5, 975, 0, 0, 0, 0, 
5, 981, 0, 0, 11, 435, 
5, 73, 0, 0, 0, 0, 
6, 3, 0, 0, 26287, 74817, 
6, 4, 0, 0, 0, 0, 
6, 5, 0, 0, 42594, 200548, 
6, 11, 0, 0, 0, 0, 
6, 15, 0, 0, 0, 49, 
6, 17, 0, 0, 0, 4, 
6, 18, 0, 0, 0, 0, 
6, 19, 0, 0, 0, 0, 
6, 20, 0, 0, 0, 0, 
6, 21, 0, 0, 0, 0, 
6, 51, 0, 0, 0, 0, 
6, 52, 0, 0, 0, 0, 
6, 58, 0, 0, 0, 16, 
6, 59, 0, 0, 0, 1524, 
6, 61, 0, 0, 0, 583, 
6, 62, 0, 0, 0, 4647, 
6, 63, 0, 0, 0, 3042, 
6, 64, 0, 0, 0, 806, 
6, 65, 0, 0, 0, 8184, 
6, 66, 0, 0, 0, 1095, 
6, 68, 0, 0, 0, 6, 
6, 69, 0, 0, 0, 853, 
6, 81, 0, 0, 0, 1435, 
6, 93, 0, 0, 0, 0, 
6, 96, 0, 0, 0, 0, 
6, 101, 0, 0, 0, 0, 
6, 103, 0, 0, 0, 0, 
6, 104, 0, 0, 0, 0, 
6, 106, 0, 0, 0, 0, 
6, 108, 0, 0, 0, 0, 
6, 109, 0, 0, 0, 0, 
6, 113, 0, 0, 0, 0, 
6, 114, 0, 0, 0, 0, 
6, 116, 0, 0, 0, 0, 
6, 117, 0, 0, 0, 0, 
6, 118, 0, 0, 0, 0, 
6, 119, 0, 0, 0, 0, 
6, 122, 0, 0, 0, 8598, 
6, 124, 0, 0, 0, 0, 
6, 127, 0, 0, 0, 6579, 
6, 133, 0, 0, 0, 5956, 
6, 134, 0, 0, 0, 19, 
6, 135, 0, 0, 0, 2, 
6, 137, 0, 0, 0, 0, 
6, 140, 0, 0, 0, 2, 
6, 141, 0, 0, 0, 1, 
6, 142, 0, 0, 0, 0, 
6, 143, 0, 0, 0, 4308, 
6, 201, 0, 0, 0, 366, 
6, 202, 0, 0, 0, 629, 
6, 211, 0, 0, 0, 0, 
6, 212, 0, 0, 0, 0, 
6, 242, 0, 0, 0, 0, 
6, 263, 0, 0, 0, 0, 
6, 264, 0, 0, 0, 0, 
6, 312, 0, 0, 27, 0, 
6, 313, 0, 0, 1, 0, 
6, 321, 0, 0, 1, 0, 
6, 322, 0, 0, 17, 0, 
6, 351, 0, 0, 0, 0, 
6, 352, 0, 0, 0, 0, 
6, 353, 0, 0, 0, 0, 
6, 361, 0, 0, 33, 0, 
6, 362, 0, 0, 0, 0, 
6, 375, 0, 0, 0, 0, 
6, 404, 0, 0, 0, 0, 
6, 461, 0, 0, 0, 0, 
6, 462, 0, 0, 0, 0, 
6, 463, 0, 0, 0, 6, 
6, 475, 0, 0, 0, 0, 
6, 540, 0, 0, 1, 0, 
6, 542, 0, 0, 3, 0, 
6, 544, 0, 0, 0, 0, 
6, 547, 0, 0, 68, 0, 
6, 549, 0, 0, 0, 0, 
6, 602, 0, 0, 0, 0, 
6, 603, 0, 0, 0, 0, 
6, 604, 0, 0, 107, 0, 
6, 605, 0, 0, 0, 0, 
6, 606, 0, 0, 33, 0, 
6, 631, 0, 0, 61, 0, 
6, 730, 0, 0, 0, 0, 
6, 732, 0, 0, 48, 0, 
6, 742, 0, 0, 19, 0, 
6, 745, 0, 0, 44, 0, 
6, 746, 0, 0, 0, 0, 
6, 747, 0, 0, 0, 0, 
6, 748, 0, 0, 51, 4, 
6, 749, 0, 0, 26, 0, 
6, 763, 0, 0, 150, 0, 
6, 766, 0, 0, 0, 0, 
6, 768, 0, 0, 0, 0, 
6, 801, 0, 0, 869, 5147, 
6, 803, 0, 0, 92, 321, 
6, 805, 0, 0, 1327, 3950, 
6, 807, 0, 0, 367, 987, 
6, 810, 0, 0, 12, 76, 
6, 811, 0, 0, 972, 2996, 
6, 814, 0, 0, 350, 855, 
6, 815, 0, 0, 227, 592, 
6, 818, 0, 0, 338, 1710, 
6, 821, 0, 0, 49, 365, 
6, 823, 0, 0, 0, 0, 
6, 826, 0, 0, 1, 0, 
6, 827, 0, 0, 1, 0, 
6, 829, 0, 0, 0, 0, 
6, 834, 0, 0, 0, 0, 
6, 835, 0, 0, 0, 0, 
6, 838, 0, 0, 0, 0, 
6, 839, 0, 0, 905, 3735, 
6, 843, 0, 0, 0, 4, 
6, 846, 0, 0, 3, 33, 
6, 847, 0, 0, 0, 0, 
6, 901, 0, 0, 0, 0, 
6, 972, 0, 0, 4, 0, 
6, 973, 0, 0, 0, 0, 
6, 974, 0, 0, 0, 0, 
6, 975, 0, 0, 0, 0, 
6, 981, 0, 0, 100, 10, 
6, 73, 0, 0, 0, 0, 
7, 3, 0, 0, 47221, 56583, 
7, 4, 0, 0, 0, 0, 
7, 5, 0, 0, 71783, 158681, 
7, 11, 0, 0, 0, 0, 
7, 15, 0, 0, 0, 691, 
7, 17, 0, 0, 0, 0, 
7, 18, 0, 0, 0, 0, 
7, 19, 0, 0, 0, 0, 
7, 20, 0, 0, 0, 0, 
7, 21, 0, 0, 0, 0, 
7, 51, 0, 0, 0, 0, 
7, 52, 0, 0, 0, 0, 
7, 58, 0, 0, 0, 15, 
7, 59, 0, 0, 0, 1418, 
7, 61, 0, 0, 0, 672, 
7, 62, 0, 0, 0, 4640, 
7, 63, 0, 0, 0, 2918, 
7, 64, 0, 0, 0, 635, 
7, 65, 0, 0, 0, 9303, 
7, 66, 0, 0, 0, 969, 
7, 68, 0, 0, 0, 3, 
7, 69, 0, 0, 0, 876, 
7, 81, 0, 0, 0, 2023, 
7, 93, 0, 0, 0, 0, 
7, 96, 0, 0, 0, 0, 
7, 101, 0, 0, 0, 0, 
7, 103, 0, 0, 0, 0, 
7, 104, 0, 0, 0, 0, 
7, 106, 0, 0, 0, 60, 
7, 108, 0, 0, 0, 0, 
7, 109, 0, 0, 0, 45, 
7, 113, 0, 0, 0, 0, 
7, 114, 0, 0, 0, 0, 
7, 116, 0, 0, 0, 0, 
7, 117, 0, 0, 0, 0, 
7, 118, 0, 0, 0, 0, 
7, 119, 0, 0, 0, 0, 
7, 122, 0, 0, 0, 14547, 
7, 124, 0, 0, 0, 0, 
7, 127, 0, 0, 0, 3763, 
7, 133, 0, 0, 0, 5291, 
7, 134, 0, 0, 0, 25, 
7, 135, 0, 0, 0, 1, 
7, 137, 0, 0, 0, 2, 
7, 140, 0, 0, 0, 0, 
7, 141, 0, 0, 0, 1, 
7, 142, 0, 0, 0, 0, 
7, 143, 0, 0, 0, 4570, 
7, 201, 0, 0, 0, 585, 
7, 202, 0, 0, 0, 1627, 
7, 211, 0, 0, 0, 0, 
7, 212, 0, 0, 0, 2, 
7, 242, 0, 0, 0, 0, 
7, 263, 0, 0, 0, 0, 
7, 264, 0, 0, 0, 0, 
7, 312, 0, 0, 87, 0, 
7, 313, 0, 0, 1, 0, 
7, 321, 0, 0, 0, 0, 
7, 322, 0, 0, 31, 0, 
7, 351, 0, 0, 0, 0, 
7, 352, 0, 0, 0, 0, 
7, 353, 0, 0, 0, 0, 
7, 361, 0, 0, 122, 74, 
7, 362, 0, 0, 0, 0, 
7, 375, 0, 0, 0, 0, 
7, 404, 0, 0, 0, 0, 
7, 461, 0, 0, 0, 1, 
7, 462, 0, 0, 0, 3, 
7, 463, 0, 0, 0, 75, 
7, 475, 0, 0, 0, 0, 
7, 540, 0, 0, 1, 0, 
7, 542, 0, 0, 3, 0, 
7, 544, 0, 0, 0, 0, 
7, 547, 0, 0, 110, 0, 
7, 549, 0, 0, 0, 0, 
7, 602, 0, 0, 8, 0, 
7, 603, 0, 0, 0, 0, 
7, 604, 0, 0, 289, 1, 
7, 605, 0, 0, 0, 0, 
7, 606, 0, 0, 26, 10, 
7, 631, 0, 0, 187, 0, 
7, 730, 0, 0, 0, 0, 
7, 732, 0, 0, 45, 0, 
7, 742, 0, 0, 41, 0, 
7, 745, 0, 0, 70, 0, 
7, 746, 0, 0, 0, 0, 
7, 747, 0, 0, 0, 0, 
7, 748, 0, 0, 94, 0, 
7, 749, 0, 0, 19, 0, 
7, 763, 0, 0, 408, 4, 
7, 766, 0, 0, 0, 0, 
7, 768, 0, 0, 0, 0, 
7, 801, 0, 0, 939, 3865, 
7, 803, 0, 0, 156, 347, 
7, 805, 0, 0, 3517, 5747, 
7, 807, 0, 0, 415, 543, 
7, 810, 0, 0, 28, 94, 
7, 811, 0, 0, 1248, 2621, 
7, 814, 0, 0, 613, 972, 
7, 815, 0, 0, 836, 1066, 
7, 818, 0, 0, 1002, 3358, 
7, 821, 0, 0, 122, 522, 
7, 823, 0, 0, 3, 2, 
7, 826, 0, 0, 3, 3, 
7, 827, 0, 0, 0, 0, 
7, 829, 0, 0, 0, 0, 
7, 834, 0, 0, 0, 0, 
7, 835, 0, 0, 0, 0, 
7, 838, 0, 0, 1, 0, 
7, 839, 0, 0, 1203, 4117, 
7, 843, 0, 0, 1, 2, 
7, 846, 0, 0, 10, 21, 
7, 847, 0, 0, 0, 0, 
7, 901, 0, 0, 1, 0, 
7, 972, 0, 0, 13, 1, 
7, 973, 0, 0, 2, 0, 
7, 974, 0, 0, 0, 0, 
7, 975, 0, 0, 0, 0, 
7, 981, 0, 0, 250, 145, 
7, 73, 0, 0, 0, 0, 
8, 3, 0, 0, 11708, 37069, 
8, 4, 0, 0, 0, 0, 
8, 5, 0, 0, 24828, 107920, 
8, 11, 0, 0, 0, 0, 
8, 15, 0, 0, 0, 0, 
8, 17, 0, 0, 0, 0, 
8, 18, 0, 0, 0, 0, 
8, 19, 0, 0, 0, 0, 
8, 20, 0, 0, 0, 0, 
8, 21, 0, 0, 0, 0, 
8, 51, 0, 0, 0, 0, 
8, 52, 0, 0, 0, 0, 
8, 58, 0, 0, 0, 5, 
8, 59, 0, 0, 0, 1059, 
8, 61, 0, 0, 0, 588, 
8, 62, 0, 0, 0, 3748, 
8, 63, 0, 0, 0, 1792, 
8, 64, 0, 0, 0, 253, 
8, 65, 0, 0, 0, 7920, 
8, 66, 0, 0, 0, 512, 
8, 68, 0, 0, 0, 14, 
8, 69, 0, 0, 0, 707, 
8, 81, 0, 0, 0, 0, 
8, 93, 0, 0, 0, 0, 
8, 96, 0, 0, 0, 0, 
8, 101, 0, 0, 0, 0, 
8, 103, 0, 0, 0, 0, 
8, 104, 0, 0, 0, 0, 
8, 106, 0, 0, 0, 270, 
8, 108, 0, 0, 0, 0, 
8, 109, 0, 0, 0, 13, 
8, 113, 0, 0, 0, 0, 
8, 114, 0, 0, 0, 0, 
8, 116, 0, 0, 0, 0, 
8, 117, 0, 0, 0, 0, 
8, 118, 0, 0, 0, 0, 
8, 119, 0, 0, 0, 0, 
8, 122, 0, 0, 0, 11972, 
8, 124, 0, 0, 0, 0, 
8, 127, 0, 0, 0, 3088, 
8, 133, 0, 0, 0, 3740, 
8, 134, 0, 0, 0, 14, 
8, 135, 0, 0, 0, 0, 
8, 137, 0, 0, 0, 0, 
8, 140, 0, 0, 0, 0, 
8, 141, 0, 0, 0, 0, 
8, 142, 0, 0, 0, 0, 
8, 143, 0, 0, 0, 3754, 
8, 201, 0, 0, 0, 678, 
8, 202, 0, 0, 0, 1868, 
8, 211, 0, 0, 0, 0, 
8, 212, 0, 0, 0, 0, 
8, 242, 0, 0, 0, 0, 
8, 263, 0, 0, 0, 0, 
8, 264, 0, 0, 0, 0, 
8, 312, 0, 0, 17, 0, 
8, 313, 0, 0, 0, 0, 
8, 321, 0, 0, 1, 0, 
8, 322, 0, 0, 22, 0, 
8, 351, 0, 0, 0, 0, 
8, 352, 0, 0, 0, 0, 
8, 353, 0, 0, 0, 0, 
8, 361, 0, 0, 45, 5, 
8, 362, 0, 0, 0, 0, 
8, 375, 0, 0, 0, 0, 
8, 404, 0, 0, 0, 0, 
8, 461, 0, 0, 0, 0, 
8, 462, 0, 0, 0, 0, 
8, 463, 0, 0, 0, 12, 
8, 475, 0, 0, 0, 0, 
8, 540, 0, 0, 0, 0, 
8, 542, 0, 0, 1, 0, 
8, 544, 0, 0, 0, 0, 
8, 547, 0, 0, 43, 0, 
8, 549, 0, 0, 0, 0, 
8, 602, 0, 0, 1, 0, 
8, 603, 0, 0, 0, 0, 
8, 604, 0, 0, 82, 13, 
8, 605, 0, 0, 0, 0, 
8, 606, 0, 0, 10, 9, 
8, 631, 0, 0, 122, 0, 
8, 730, 0, 0, 0, 0, 
8, 732, 0, 0, 14, 0, 
8, 742, 0, 0, 5, 0, 
8, 745, 0, 0, 18, 0, 
8, 746, 0, 0, 0, 0, 
8, 747, 0, 0, 0, 0, 
8, 748, 0, 0, 16, 0, 
8, 749, 0, 0, 2, 0, 
8, 763, 0, 0, 52, 7, 
8, 766, 0, 0, 0, 0, 
8, 768, 0, 0, 0, 0, 
8, 801, 0, 0, 538, 3747, 
8, 803, 0, 0, 153, 217, 
8, 805, 0, 0, 630, 5419, 
8, 807, 0, 0, 105, 299, 
8, 810, 0, 0, 2, 66, 
8, 811, 0, 0, 428, 2004, 
8, 814, 0, 0, 268, 780, 
8, 815, 0, 0, 128, 703, 
8, 818, 0, 0, 221, 3669, 
8, 821, 0, 0, 38, 367, 
8, 823, 0, 0, 0, 1, 
8, 826, 0, 0, 3, 1, 
8, 827, 0, 0, 0, 0, 
8, 829, 0, 0, 0, 0, 
8, 834, 0, 0, 0, 1, 
8, 835, 0, 0, 0, 0, 
8, 838, 0, 0, 0, 0, 
8, 839, 0, 0, 545, 3911, 
8, 843, 0, 0, 0, 3, 
8, 846, 0, 0, 3, 5, 
8, 847, 0, 0, 0, 1, 
8, 901, 0, 0, 0, 0, 
8, 972, 0, 0, 6, 2, 
8, 973, 0, 0, 0, 0, 
8, 974, 0, 0, 0, 0, 
8, 975, 0, 0, 0, 0, 
8, 981, 0, 0, 81, 167, 
8, 73, 0, 0, 0, 0, 
9, 3, 0, 0, 5335, 191821, 
9, 4, 0, 0, 0, 0, 
9, 5, 0, 0, 9693, 420450, 
9, 11, 0, 0, 0, 0, 
9, 15, 0, 0, 0, 2056, 
9, 17, 0, 0, 0, 129, 
9, 18, 0, 0, 0, 0, 
9, 19, 0, 0, 0, 1, 
9, 20, 0, 0, 0, 147, 
9, 21, 0, 0, 0, 1, 
9, 51, 0, 0, 0, 0, 
9, 52, 0, 0, 0, 0, 
9, 58, 0, 0, 0, 27, 
9, 59, 0, 0, 0, 2344, 
9, 61, 0, 0, 0, 934, 
9, 62, 0, 0, 0, 8761, 
9, 63, 0, 0, 0, 5035, 
9, 64, 0, 0, 0, 1580, 
9, 65, 0, 0, 0, 14279, 
9, 66, 0, 0, 0, 1718, 
9, 68, 0, 0, 0, 9, 
9, 69, 0, 0, 0, 1392, 
9, 81, 0, 0, 0, 5524, 
9, 93, 0, 0, 0, 0, 
9, 96, 0, 0, 0, 0, 
9, 101, 0, 0, 0, 0, 
9, 103, 0, 0, 0, 0, 
9, 104, 0, 0, 0, 0, 
9, 106, 0, 0, 0, 720, 
9, 108, 0, 0, 0, 0, 
9, 109, 0, 0, 0, 348, 
9, 113, 0, 0, 0, 0, 
9, 114, 0, 0, 0, 0, 
9, 116, 0, 0, 0, 0, 
9, 117, 0, 0, 0, 0, 
9, 118, 0, 0, 0, 0, 
9, 119, 0, 0, 0, 0, 
9, 122, 0, 0, 0, 27953, 
9, 124, 0, 0, 0, 0, 
9, 127, 0, 0, 0, 20832, 
9, 133, 0, 0, 0, 11977, 
9, 134, 0, 0, 0, 27, 
9, 135, 0, 0, 0, 2, 
9, 137, 0, 0, 0, 6, 
9, 140, 0, 0, 0, 3, 
9, 141, 0, 0, 0, 0, 
9, 142, 0, 0, 0, 0, 
9, 143, 0, 0, 0, 7247, 
9, 201, 0, 0, 0, 1159, 
9, 202, 0, 0, 0, 3390, 
9, 211, 0, 0, 0, 4, 
9, 212, 0, 0, 0, 4, 
9, 242, 0, 0, 0, 0, 
9, 263, 0, 0, 0, 0, 
9, 264, 0, 0, 0, 0, 
9, 312, 0, 0, 12, 2, 
9, 313, 0, 0, 0, 0, 
9, 321, 0, 0, 0, 0, 
9, 322, 0, 0, 0, 16, 
9, 351, 0, 0, 0, 0, 
9, 352, 0, 0, 0, 0, 
9, 353, 0, 0, 0, 0, 
9, 361, 0, 0, 35, 104, 
9, 362, 0, 0, 0, 0, 
9, 375, 0, 0, 0, 0, 
9, 404, 0, 0, 0, 0, 
9, 461, 0, 0, 0, 4, 
9, 462, 0, 0, 0, 5, 
9, 463, 0, 0, 0, 181, 
9, 475, 0, 0, 0, 0, 
9, 540, 0, 0, 10, 0, 
9, 542, 0, 0, 1, 0, 
9, 544, 0, 0, 0, 0, 
9, 547, 0, 0, 14, 0, 
9, 549, 0, 0, 0, 0, 
9, 602, 0, 0, 1, 0, 
9, 603, 0, 0, 0, 0, 
9, 604, 0, 0, 58, 0, 
9, 605, 0, 0, 0, 0, 
9, 606, 0, 0, 2, 0, 
9, 631, 0, 0, 129, 114, 
9, 730, 0, 0, 0, 0, 
9, 732, 0, 0, 3, 0, 
9, 742, 0, 0, 5, 30, 
9, 745, 0, 0, 1, 21, 
9, 746, 0, 0, 0, 0, 
9, 747, 0, 0, 0, 0, 
9, 748, 0, 0, 3, 9, 
9, 749, 0, 0, 0, 20, 
9, 763, 0, 0, 57, 0, 
9, 766, 0, 0, 0, 0, 
9, 768, 0, 0, 0, 0, 
9, 801, 0, 0, 503, 15808, 
9, 803, 0, 0, 11, 654, 
9, 805, 0, 0, 533, 12306, 
9, 807, 0, 0, 162, 4010, 
9, 810, 0, 0, 0, 177, 
9, 811, 0, 0, 245, 8373, 
9, 814, 0, 0, 69, 2307, 
9, 815, 0, 0, 88, 2354, 
9, 818, 0, 0, 187, 6404, 
9, 821, 0, 0, 12, 1478, 
9, 823, 0, 0, 1, 1, 
9, 826, 0, 0, 1, 6, 
9, 827, 0, 0, 0, 0, 
9, 829, 0, 0, 0, 0, 
9, 834, 0, 0, 1, 1, 
9, 835, 0, 0, 0, 1, 
9, 838, 0, 0, 0, 1, 
9, 839, 0, 0, 365, 11027, 
9, 843, 0, 0, 0, 2, 
9, 846, 0, 0, 0, 26, 
9, 847, 0, 0, 0, 0, 
9, 901, 0, 0, 0, 0, 
9, 972, 0, 0, 5, 0, 
9, 973, 0, 0, 0, 0, 
9, 974, 0, 0, 0, 0, 
9, 975, 0, 0, 0, 0, 
9, 981, 0, 0, 56, 643, 
9, 73, 0, 0, 0, 0, 
10, 3, 0, 0, 38026, 36236, 
10, 4, 0, 0, 0, 0, 
10, 5, 0, 0, 42580, 107916, 
10, 11, 0, 0, 0, 0, 
10, 15, 0, 0, 0, 0, 
10, 17, 0, 0, 0, 0, 
10, 18, 0, 0, 0, 0, 
10, 19, 0, 0, 0, 0, 
10, 20, 0, 0, 0, 0, 
10, 21, 0, 0, 0, 0, 
10, 51, 0, 0, 0, 0, 
10, 52, 0, 0, 0, 0, 
10, 58, 0, 0, 0, 7, 
10, 59, 0, 0, 0, 1051, 
10, 61, 0, 0, 0, 535, 
10, 62, 0, 0, 0, 3606, 
10, 63, 0, 0, 0, 1764, 
10, 64, 0, 0, 0, 258, 
10, 65, 0, 0, 0, 7658, 
10, 66, 0, 0, 0, 549, 
10, 68, 0, 0, 0, 12, 
10, 69, 0, 0, 0, 675, 
10, 81, 0, 0, 0, 0, 
10, 93, 0, 0, 0, 0, 
10, 96, 0, 0, 0, 0, 
10, 101, 0, 0, 0, 0, 
10, 103, 0, 0, 0, 0, 
10, 104, 0, 0, 0, 0, 
10, 106, 0, 0, 0, 226, 
10, 108, 0, 0, 0, 0, 
10, 109, 0, 0, 0, 14, 
10, 113, 0, 0, 0, 0, 
10, 114, 0, 0, 0, 0, 
10, 116, 0, 0, 0, 0, 
10, 117, 0, 0, 0, 0, 
10, 118, 0, 0, 0, 0, 
10, 119, 0, 0, 0, 0, 
10, 122, 0, 0, 0, 14108, 
10, 124, 0, 0, 0, 0, 
10, 127, 0, 0, 0, 2995, 
10, 133, 0, 0, 0, 3460, 
10, 134, 0, 0, 0, 20, 
10, 135, 0, 0, 0, 2, 
10, 137, 0, 0, 0, 0, 
10, 140, 0, 0, 0, 0, 
10, 141, 0, 0, 0, 0, 
10, 142, 0, 0, 0, 0, 
10, 143, 0, 0, 0, 3492, 
10, 201, 0, 0, 0, 616, 
10, 202, 0, 0, 0, 1759, 
10, 211, 0, 0, 0, 0, 
10, 212, 0, 0, 0, 0, 
10, 242, 0, 0, 0, 0, 
10, 263, 0, 0, 0, 0, 
10, 264, 0, 0, 0, 0, 
10, 312, 0, 0, 91, 0, 
10, 313, 0, 0, 0, 0, 
10, 321, 0, 0, 0, 0, 
10, 322, 0, 0, 6, 0, 
10, 351, 0, 0, 0, 0, 
10, 352, 0, 0, 1, 0, 
10, 353, 0, 0, 0, 0, 
10, 361, 0, 0, 280, 7, 
10, 362, 0, 0, 0, 0, 
10, 375, 0, 0, 0, 0, 
10, 404, 0, 0, 1, 0, 
10, 461, 0, 0, 0, 0, 
10, 462, 0, 0, 0, 1, 
10, 463, 0, 0, 0, 4, 
10, 475, 0, 0, 0, 0, 
10, 540, 0, 0, 1, 0, 
10, 542, 0, 0, 7, 0, 
10, 544, 0, 0, 0, 0, 
10, 547, 0, 0, 104, 0, 
10, 549, 0, 0, 0, 0, 
10, 602, 0, 0, 8, 0, 
10, 603, 0, 0, 0, 0, 
10, 604, 0, 0, 268, 1, 
10, 605, 0, 0, 0, 0, 
10, 606, 0, 0, 7, 5, 
10, 631, 0, 0, 526, 0, 
10, 730, 0, 0, 0, 0, 
10, 732, 0, 0, 14, 0, 
10, 742, 0, 0, 46, 0, 
10, 745, 0, 0, 51, 0, 
10, 746, 0, 0, 0, 0, 
10, 747, 0, 0, 0, 0, 
10, 748, 0, 0, 13, 0, 
10, 749, 0, 0, 8, 0, 
10, 763, 0, 0, 257, 7, 
10, 766, 0, 0, 0, 0, 
10, 768, 0, 0, 0, 0, 
10, 801, 0, 0, 1405, 3185, 
10, 803, 0, 0, 92, 242, 
10, 805, 0, 0, 3972, 4930, 
10, 807, 0, 0, 397, 311, 
10, 810, 0, 0, 21, 57, 
10, 811, 0, 0, 1324, 1970, 
10, 814, 0, 0, 639, 683, 
10, 815, 0, 0, 971, 616, 
10, 818, 0, 0, 1617, 3349, 
10, 821, 0, 0, 142, 371, 
10, 823, 0, 0, 2, 3, 
10, 826, 0, 0, 2, 1, 
10, 827, 0, 0, 0, 0, 
10, 829, 0, 0, 0, 0, 
10, 834, 0, 0, 1, 0, 
10, 835, 0, 0, 0, 0, 
10, 838, 0, 0, 0, 1, 
10, 839, 0, 0, 1724, 3720, 
10, 843, 0, 0, 0, 0, 
10, 846, 0, 0, 0, 3, 
10, 847, 0, 0, 1, 1, 
10, 901, 0, 0, 1, 0, 
10, 972, 0, 0, 26, 1, 
10, 973, 0, 0, 1, 0, 
10, 974, 0, 0, 0, 0, 
10, 975, 0, 0, 0, 0, 
10, 981, 0, 0, 335, 174, 
10, 73, 0, 0, 0, 0, 
11, 3, 0, 0, 21462, 39289, 
11, 4, 0, 0, 0, 0, 
11, 5, 0, 0, 21879, 111244, 
11, 11, 0, 0, 0, 0, 
11, 15, 0, 0, 0, 0, 
11, 17, 0, 0, 0, 0, 
11, 18, 0, 0, 0, 0, 
11, 19, 0, 0, 0, 0, 
11, 20, 0, 0, 0, 0, 
11, 21, 0, 0, 0, 0, 
11, 51, 0, 0, 0, 0, 
11, 52, 0, 0, 0, 0, 
11, 58, 0, 0, 0, 11, 
11, 59, 0, 0, 0, 1014, 
11, 61, 0, 0, 0, 581, 
11, 62, 0, 0, 0, 3861, 
11, 63, 0, 0, 0, 1755, 
11, 64, 0, 0, 0, 281, 
11, 65, 0, 0, 0, 7844, 
11, 66, 0, 0, 0, 495, 
11, 68, 0, 0, 0, 15, 
11, 69, 0, 0, 0, 669, 
11, 81, 0, 0, 0, 0, 
11, 93, 0, 0, 0, 0, 
11, 96, 0, 0, 0, 0, 
11, 101, 0, 0, 0, 0, 
11, 103, 0, 0, 0, 0, 
11, 104, 0, 0, 0, 0, 
11, 106, 0, 0, 0, 213, 
11, 108, 0, 0, 0, 0, 
11, 109, 0, 0, 0, 10, 
11, 113, 0, 0, 0, 0, 
11, 114, 0, 0, 0, 0, 
11, 116, 0, 0, 0, 0, 
11, 117, 0, 0, 0, 0, 
11, 118, 0, 0, 0, 0, 
11, 119, 0, 0, 0, 0, 
11, 122, 0, 0, 0, 19122, 
11, 124, 0, 0, 0, 0, 
11, 127, 0, 0, 0, 3297, 
11, 133, 0, 0, 0, 3590, 
11, 134, 0, 0, 0, 17, 
11, 135, 0, 0, 0, 2, 
11, 137, 0, 0, 0, 0, 
11, 140, 0, 0, 0, 0, 
11, 141, 0, 0, 0, 1, 
11, 142, 0, 0, 0, 0, 
11, 143, 0, 0, 0, 3467, 
11, 201, 0, 0, 0, 709, 
11, 202, 0, 0, 0, 1833, 
11, 211, 0, 0, 0, 0, 
11, 212, 0, 0, 0, 0, 
11, 242, 0, 0, 0, 0, 
11, 263, 0, 0, 0, 0, 
11, 264, 0, 0, 0, 0, 
11, 312, 0, 0, 17, 0, 
11, 313, 0, 0, 0, 0, 
11, 321, 0, 0, 0, 0, 
11, 322, 0, 0, 27, 0, 
11, 351, 0, 0, 0, 0, 
11, 352, 0, 0, 0, 0, 
11, 353, 0, 0, 0, 0, 
11, 361, 0, 0, 38, 6, 
11, 362, 0, 0, 0, 0, 
11, 375, 0, 0, 0, 0, 
11, 404, 0, 0, 0, 0, 
11, 461, 0, 0, 0, 0, 
11, 462, 0, 0, 0, 0, 
11, 463, 0, 0, 0, 7, 
11, 475, 0, 0, 0, 0, 
11, 540, 0, 0, 1, 0, 
11, 542, 0, 0, 3, 0, 
11, 544, 0, 0, 0, 0, 
11, 547, 0, 0, 19, 0, 
11, 549, 0, 0, 0, 0, 
11, 602, 0, 0, 0, 0, 
11, 603, 0, 0, 0, 0, 
11, 604, 0, 0, 37, 7, 
11, 605, 0, 0, 0, 0, 
11, 606, 0, 0, 28, 8, 
11, 631, 0, 0, 92, 0, 
11, 730, 0, 0, 0, 0, 
11, 732, 0, 0, 36, 0, 
11, 742, 0, 0, 9, 0, 
11, 745, 0, 0, 38, 0, 
11, 746, 0, 0, 0, 0, 
11, 747, 0, 0, 0, 0, 
11, 748, 0, 0, 43, 0, 
11, 749, 0, 0, 4, 0, 
11, 763, 0, 0, 50, 7, 
11, 766, 0, 0, 0, 0, 
11, 768, 0, 0, 0, 0, 
11, 801, 0, 0, 532, 3419, 
11, 803, 0, 0, 160, 271, 
11, 805, 0, 0, 1005, 5355, 
11, 807, 0, 0, 134, 286, 
11, 810, 0, 0, 7, 40, 
11, 811, 0, 0, 846, 2022, 
11, 814, 0, 0, 326, 835, 
11, 815, 0, 0, 106, 707, 
11, 818, 0, 0, 322, 3649, 
11, 821, 0, 0, 13, 408, 
11, 823, 0, 0, 0, 4, 
11, 826, 0, 0, 0, 2, 
11, 827, 0, 0, 0, 1, 
11, 829, 0, 0, 0, 0, 
11, 834, 0, 0, 0, 0, 
11, 835, 0, 0, 0, 0, 
11, 838, 0, 0, 0, 1, 
11, 839, 0, 0, 500, 3858, 
11, 843, 0, 0, 0, 3, 
11, 846, 0, 0, 4, 3, 
11, 847, 0, 0, 0, 1, 
11, 901, 0, 0, 0, 0, 
11, 972, 0, 0, 2, 1, 
11, 973, 0, 0, 0, 0, 
11, 974, 0, 0, 0, 0, 
11, 975, 0, 0, 0, 0, 
11, 981, 0, 0, 65, 161, 
11, 73, 0, 0, 0, 0, 
12, 3, 0, 0, 42177, 67470, 
12, 4, 0, 0, 0, 0, 
12, 5, 0, 0, 33759, 165728, 
12, 11, 0, 0, 0, 0, 
12, 15, 0, 0, 0, 753, 
12, 17, 0, 0, 0, 0, 
12, 18, 0, 0, 0, 0, 
12, 19, 0, 0, 0, 0, 
12, 20, 0, 0, 0, 0, 
12, 21, 0, 0, 0, 0, 
12, 51, 0, 0, 0, 0, 
12, 52, 0, 0, 0, 0, 
12, 58, 0, 0, 0, 16, 
12, 59, 0, 0, 0, 1700, 
12, 61, 0, 0, 0, 739, 
12, 62, 0, 0, 0, 4278, 
12, 63, 0, 0, 0, 2926, 
12, 64, 0, 0, 0, 511, 
12, 65, 0, 0, 0, 9323, 
12, 66, 0, 0, 0, 895, 
12, 68, 0, 0, 0, 13, 
12, 69, 0, 0, 0, 880, 
12, 81, 0, 0, 0, 2333, 
12, 93, 0, 0, 0, 0, 
12, 96, 0, 0, 0, 0, 
12, 101, 0, 0, 0, 0, 
12, 103, 0, 0, 0, 0, 
12, 104, 0, 0, 0, 0, 
12, 106, 0, 0, 0, 55, 
12, 108, 0, 0, 0, 0, 
12, 109, 0, 0, 0, 46, 
12, 113, 0, 0, 0, 0, 
12, 114, 0, 0, 0, 0, 
12, 116, 0, 0, 0, 0, 
12, 117, 0, 0, 0, 0, 
12, 118, 0, 0, 0, 0, 
12, 119, 0, 0, 0, 0, 
12, 122, 0, 0, 0, 28526, 
12, 124, 0, 0, 0, 0, 
12, 127, 0, 0, 0, 3745, 
12, 133, 0, 0, 0, 4738, 
12, 134, 0, 0, 0, 24, 
12, 135, 0, 0, 0, 4, 
12, 137, 0, 0, 0, 0, 
12, 140, 0, 0, 0, 0, 
12, 141, 0, 0, 0, 0, 
12, 142, 0, 0, 0, 0, 
12, 143, 0, 0, 0, 4502, 
12, 201, 0, 0, 0, 733, 
12, 202, 0, 0, 0, 1762, 
12, 211, 0, 0, 0, 0, 
12, 212, 0, 0, 0, 0, 
12, 242, 0, 0, 0, 0, 
12, 263, 0, 0, 0, 0, 
12, 264, 0, 0, 0, 0, 
12, 312, 0, 0, 38, 0, 
12, 313, 0, 0, 0, 0, 
12, 321, 0, 0, 0, 0, 
12, 322, 0, 0, 2, 0, 
12, 351, 0, 0, 0, 0, 
12, 352, 0, 0, 0, 0, 
12, 353, 0, 0, 0, 0, 
12, 361, 0, 0, 290, 100, 
12, 362, 0, 0, 0, 0, 
12, 375, 0, 0, 0, 0, 
12, 404, 0, 0, 0, 0, 
12, 461, 0, 0, 0, 1, 
12, 462, 0, 0, 0, 2, 
12, 463, 0, 0, 0, 64, 
12, 475, 0, 0, 0, 0, 
12, 540, 0, 0, 0, 0, 
12, 542, 0, 0, 9, 0, 
12, 544, 0, 0, 0, 0, 
12, 547, 0, 0, 170, 0, 
12, 549, 0, 0, 0, 0, 
12, 602, 0, 0, 0, 0, 
12, 603, 0, 0, 0, 0, 
12, 604, 0, 0, 129, 9, 
12, 605, 0, 0, 0, 0, 
12, 606, 0, 0, 4, 8, 
12, 631, 0, 0, 770, 0, 
12, 730, 0, 0, 0, 0, 
12, 732, 0, 0, 0, 0, 
12, 742, 0, 0, 10, 0, 
12, 745, 0, 0, 40, 0, 
12, 746, 0, 0, 0, 4, 
12, 747, 0, 0, 0, 0, 
12, 748, 0, 0, 25, 0, 
12, 749, 0, 0, 12, 0, 
12, 763, 0, 0, 206, 5, 
12, 766, 0, 0, 0, 0, 
12, 768, 0, 0, 0, 0, 
12, 801, 0, 0, 1718, 3665, 
12, 803, 0, 0, 42, 364, 
12, 805, 0, 0, 3731, 5726, 
12, 807, 0, 0, 716, 443, 
12, 810, 0, 0, 26, 91, 
12, 811, 0, 0, 802, 2755, 
12, 814, 0, 0, 821, 1008, 
12, 815, 0, 0, 725, 956, 
12, 818, 0, 0, 913, 3530, 
12, 821, 0, 0, 122, 529, 
12, 823, 0, 0, 4, 4, 
12, 826, 0, 0, 0, 2, 
12, 827, 0, 0, 0, 0, 
12, 829, 0, 0, 0, 0, 
12, 834, 0, 0, 0, 0, 
12, 835, 0, 0, 0, 0, 
12, 838, 0, 0, 0, 2, 
12, 839, 0, 0, 1757, 3974, 
12, 843, 0, 0, 1, 1, 
12, 846, 0, 0, 4, 14, 
12, 847, 0, 0, 0, 0, 
12, 901, 0, 0, 0, 0, 
12, 972, 0, 0, 5, 0, 
12, 973, 0, 0, 0, 0, 
12, 974, 0, 0, 0, 0, 
12, 975, 0, 0, 0, 0, 
12, 981, 0, 0, 284, 226, 
12, 73, 0, 0, 0, 0, 
13, 3, 0, 0, 9925, 161037, 
13, 4, 0, 0, 0, 0, 
13, 5, 0, 0, 16151, 340687, 
13, 11, 0, 0, 0, 0, 
13, 15, 0, 0, 0, 2744, 
13, 17, 0, 0, 0, 150, 
13, 18, 0, 0, 0, 0, 
13, 19, 0, 0, 0, 0, 
13, 20, 0, 0, 0, 132, 
13, 21, 0, 0, 0, 0, 
13, 51, 0, 0, 0, 0, 
13, 52, 0, 0, 0, 0, 
13, 58, 0, 0, 0, 18, 
13, 59, 0, 0, 0, 2008, 
13, 61, 0, 0, 0, 810, 
13, 62, 0, 0, 0, 8701, 
13, 63, 0, 0, 0, 4415, 
13, 64, 0, 0, 0, 1434, 
13, 65, 0, 0, 0, 13981, 
13, 66, 0, 0, 0, 1384, 
13, 68, 0, 0, 0, 21, 
13, 69, 0, 0, 0, 1186, 
13, 81, 0, 0, 0, 6608, 
13, 93, 0, 0, 0, 0, 
13, 96, 0, 0, 0, 0, 
13, 101, 0, 0, 0, 0, 
13, 103, 0, 0, 0, 0, 
13, 104, 0, 0, 0, 0, 
13, 106, 0, 0, 0, 901, 
13, 108, 0, 0, 0, 0, 
13, 109, 0, 0, 0, 211, 
13, 113, 0, 0, 0, 0, 
13, 114, 0, 0, 0, 0, 
13, 116, 0, 0, 0, 0, 
13, 117, 0, 0, 0, 0, 
13, 118, 0, 0, 0, 0, 
13, 119, 0, 0, 0, 0, 
13, 122, 0, 0, 0, 47398, 
13, 124, 0, 0, 0, 0, 
13, 127, 0, 0, 0, 18217, 
13, 133, 0, 0, 0, 10807, 
13, 134, 0, 0, 0, 38, 
13, 135, 0, 0, 0, 4, 
13, 137, 0, 0, 0, 8, 
13, 140, 0, 0, 0, 0, 
13, 141, 0, 0, 0, 0, 
13, 142, 0, 0, 0, 0, 
13, 143, 0, 0, 0, 6405, 
13, 201, 0, 0, 0, 1072, 
13, 202, 0, 0, 0, 2782, 
13, 211, 0, 0, 0, 5, 
13, 212, 0, 0, 0, 6, 
13, 242, 0, 0, 0, 0, 
13, 263, 0, 0, 0, 0, 
13, 264, 0, 0, 0, 0, 
13, 312, 0, 0, 23, 52, 
13, 313, 0, 0, 0, 0, 
13, 321, 0, 0, 0, 2, 
13, 322, 0, 0, 1, 15, 
13, 351, 0, 0, 0, 0, 
13, 352, 0, 0, 0, 0, 
13, 353, 0, 0, 0, 0, 
13, 361, 0, 0, 32, 706, 
13, 362, 0, 0, 0, 0, 
13, 375, 0, 0, 0, 0, 
13, 404, 0, 0, 0, 0, 
13, 461, 0, 0, 0, 0, 
13, 462, 0, 0, 0, 20, 
13, 463, 0, 0, 0, 251, 
13, 475, 0, 0, 0, 0, 
13, 540, 0, 0, 1, 0, 
13, 542, 0, 0, 2, 0, 
13, 544, 0, 0, 0, 0, 
13, 547, 0, 0, 9, 0, 
13, 549, 0, 0, 0, 0, 
13, 602, 0, 0, 0, 0, 
13, 603, 0, 0, 0, 0, 
13, 604, 0, 0, 63, 17, 
13, 605, 0, 0, 0, 0, 
13, 606, 0, 0, 1, 12, 
13, 631, 0, 0, 65, 271, 
13, 730, 0, 0, 0, 0, 
13, 732, 0, 0, 0, 0, 
13, 742, 0, 0, 18, 29, 
13, 745, 0, 0, 17, 21, 
13, 746, 0, 0, 0, 2, 
13, 747, 0, 0, 0, 0, 
13, 748, 0, 0, 15, 15, 
13, 749, 0, 0, 0, 3, 
13, 763, 0, 0, 13, 45, 
13, 766, 0, 0, 0, 0, 
13, 768, 0, 0, 0, 0, 
13, 801, 0, 0, 509, 12455, 
13, 803, 0, 0, 19, 695, 
13, 805, 0, 0, 727, 12133, 
13, 807, 0, 0, 85, 2268, 
13, 810, 0, 0, 9, 165, 
13, 811, 0, 0, 215, 6622, 
13, 814, 0, 0, 91, 2275, 
13, 815, 0, 0, 142, 2090, 
13, 818, 0, 0, 269, 6941, 
13, 821, 0, 0, 56, 1396, 
13, 823, 0, 0, 2, 4, 
13, 826, 0, 0, 0, 4, 
13, 827, 0, 0, 0, 1, 
13, 829, 0, 0, 0, 0, 
13, 834, 0, 0, 0, 0, 
13, 835, 0, 0, 0, 0, 
13, 838, 0, 0, 0, 0, 
13, 839, 0, 0, 236, 10483, 
13, 843, 0, 0, 0, 9, 
13, 846, 0, 0, 8, 26, 
13, 847, 0, 0, 0, 0, 
13, 901, 0, 0, 2, 0, 
13, 972, 0, 0, 3, 0, 
13, 973, 0, 0, 0, 0, 
13, 974, 0, 0, 0, 0, 
13, 975, 0, 0, 0, 0, 
13, 981, 0, 0, 66, 491, 
13, 73, 0, 0, 0, 0, 
14, 3, 0, 0, 10458, 74288, 
14, 4, 0, 0, 0, 0, 
14, 5, 0, 0, 11786, 173939, 
14, 11, 0, 0, 0, 0, 
14, 15, 0, 0, 0, 691, 
14, 17, 0, 0, 0, 24, 
14, 18, 0, 0, 0, 0, 
14, 19, 0, 0, 0, 0, 
14, 20, 0, 0, 0, 23, 
14, 21, 0, 0, 0, 0, 
14, 51, 0, 0, 0, 0, 
14, 52, 0, 0, 0, 0, 
14, 58, 0, 0, 0, 8, 
14, 59, 0, 0, 0, 1123, 
14, 61, 0, 0, 0, 537, 
14, 62, 0, 0, 0, 2942, 
14, 63, 0, 0, 0, 1995, 
14, 64, 0, 0, 0, 275, 
14, 65, 0, 0, 0, 7429, 
14, 66, 0, 0, 0, 647, 
14, 68, 0, 0, 0, 15, 
14, 69, 0, 0, 0, 726, 
14, 81, 0, 0, 0, 2366, 
14, 93, 0, 0, 0, 0, 
14, 96, 0, 0, 0, 0, 
14, 101, 0, 0, 0, 0, 
14, 103, 0, 0, 0, 0, 
14, 104, 0, 0, 0, 0, 
14, 106, 0, 0, 0, 1224, 
14, 108, 0, 0, 0, 0, 
14, 109, 0, 0, 0, 153, 
14, 113, 0, 0, 0, 0, 
14, 114, 0, 0, 0, 0, 
14, 116, 0, 0, 0, 0, 
14, 117, 0, 0, 0, 0, 
14, 118, 0, 0, 0, 0, 
14, 119, 0, 0, 0, 0, 
14, 122, 0, 0, 0, 22465, 
14, 124, 0, 0, 0, 1, 
14, 127, 0, 0, 0, 2496, 
14, 133, 0, 0, 0, 2766, 
14, 134, 0, 0, 0, 18, 
14, 135, 0, 0, 0, 6, 
14, 137, 0, 0, 0, 0, 
14, 140, 0, 0, 0, 0, 
14, 141, 0, 0, 0, 0, 
14, 142, 0, 0, 0, 0, 
14, 143, 0, 0, 0, 3310, 
14, 201, 0, 0, 0, 585, 
14, 202, 0, 0, 0, 1391, 
14, 211, 0, 0, 0, 3, 
14, 212, 0, 0, 0, 1, 
14, 242, 0, 0, 0, 0, 
14, 263, 0, 0, 0, 0, 
14, 264, 0, 0, 0, 0, 
14, 312, 0, 0, 13, 48, 
14, 313, 0, 0, 0, 0, 
14, 321, 0, 0, 0, 0, 
14, 322, 0, 0, 12, 7, 
14, 351, 0, 0, 0, 0, 
14, 352, 0, 0, 0, 0, 
14, 353, 0, 0, 0, 0, 
14, 361, 0, 0, 17, 214, 
14, 362, 0, 0, 0, 0, 
14, 375, 0, 0, 0, 0, 
14, 404, 0, 0, 0, 1, 
14, 461, 0, 0, 0, 1, 
14, 462, 0, 0, 0, 5, 
14, 463, 0, 0, 0, 109, 
14, 475, 0, 0, 0, 0, 
14, 540, 0, 0, 0, 0, 
14, 542, 0, 0, 4, 0, 
14, 544, 0, 0, 0, 0, 
14, 547, 0, 0, 11, 0, 
14, 549, 0, 0, 0, 0, 
14, 602, 0, 0, 0, 5, 
14, 603, 0, 0, 0, 0, 
14, 604, 0, 0, 6, 242, 
14, 605, 0, 0, 0, 0, 
14, 606, 0, 0, 11, 155, 
14, 631, 0, 0, 28, 0, 
14, 730, 0, 0, 0, 0, 
14, 732, 0, 0, 0, 2, 
14, 742, 0, 0, 12, 0, 
14, 745, 0, 0, 17, 0, 
14, 746, 0, 0, 0, 79, 
14, 747, 0, 0, 0, 0, 
14, 748, 0, 0, 17, 0, 
14, 749, 0, 0, 4, 0, 
14, 763, 0, 0, 39, 324, 
14, 766, 0, 0, 0, 0, 
14, 768, 0, 0, 1, 18, 
14, 801, 0, 0, 257, 3071, 
14, 803, 0, 0, 95, 391, 
14, 805, 0, 0, 668, 4585, 
14, 807, 0, 0, 81, 380, 
14, 810, 0, 0, 9, 88, 
14, 811, 0, 0, 426, 2651, 
14, 814, 0, 0, 233, 961, 
14, 815, 0, 0, 118, 917, 
14, 818, 0, 0, 243, 2984, 
14, 821, 0, 0, 29, 413, 
14, 823, 0, 0, 1, 1, 
14, 826, 0, 0, 0, 0, 
14, 827, 0, 0, 0, 0, 
14, 829, 0, 0, 0, 1, 
14, 834, 0, 0, 0, 0, 
14, 835, 0, 0, 0, 0, 
14, 838, 0, 0, 0, 2, 
14, 839, 0, 0, 283, 3418, 
14, 843, 0, 0, 0, 1, 
14, 846, 0, 0, 1, 12, 
14, 847, 0, 0, 0, 1, 
14, 901, 0, 0, 0, 0, 
14, 972, 0, 0, 3, 16, 
14, 973, 0, 0, 0, 1, 
14, 974, 0, 0, 0, 2, 
14, 975, 0, 0, 0, 0, 
14, 981, 0, 0, 28, 445, 
14, 73, 0, 0, 0, 0, 
15, 3, 0, 0, 29589, 104258, 
15, 4, 0, 0, 0, 0, 
15, 5, 0, 0, 37752, 219500, 
15, 11, 0, 0, 0, 0, 
15, 15, 0, 0, 0, 64, 
15, 17, 0, 0, 0, 2, 
15, 18, 0, 0, 0, 0, 
15, 19, 0, 0, 0, 0, 
15, 20, 0, 0, 0, 2, 
15, 21, 0, 0, 0, 0, 
15, 51, 0, 0, 0, 0, 
15, 52, 0, 0, 0, 0, 
15, 58, 0, 0, 0, 14, 
15, 59, 0, 0, 0, 1493, 
15, 61, 0, 0, 0, 550, 
15, 62, 0, 0, 0, 5093, 
15, 63, 0, 0, 0, 3142, 
15, 64, 0, 0, 0, 864, 
15, 65, 0, 0, 0, 8478, 
15, 66, 0, 0, 0, 971, 
15, 68, 0, 0, 0, 6, 
15, 69, 0, 0, 0, 860, 
15, 81, 0, 0, 0, 1607, 
15, 93, 0, 0, 0, 0, 
15, 96, 0, 0, 0, 0, 
15, 101, 0, 0, 0, 0, 
15, 103, 0, 0, 0, 0, 
15, 104, 0, 0, 0, 0, 
15, 106, 0, 0, 0, 0, 
15, 108, 0, 0, 0, 0, 
15, 109, 0, 0, 0, 0, 
15, 113, 0, 0, 0, 0, 
15, 114, 0, 0, 0, 0, 
15, 116, 0, 0, 0, 0, 
15, 117, 0, 0, 0, 0, 
15, 118, 0, 0, 0, 0, 
15, 119, 0, 0, 0, 0, 
15, 122, 0, 0, 0, 19734, 
15, 124, 0, 0, 0, 0, 
15, 127, 0, 0, 0, 6535, 
15, 133, 0, 0, 0, 6391, 
15, 134, 0, 0, 0, 29, 
15, 135, 0, 0, 0, 2, 
15, 137, 0, 0, 0, 0, 
15, 140, 0, 0, 0, 0, 
15, 141, 0, 0, 0, 0, 
15, 142, 0, 0, 0, 0, 
15, 143, 0, 0, 0, 4136, 
15, 201, 0, 0, 0, 434, 
15, 202, 0, 0, 0, 770, 
15, 211, 0, 0, 0, 0, 
15, 212, 0, 0, 0, 0, 
15, 242, 0, 0, 0, 0, 
15, 263, 0, 0, 0, 0, 
15, 264, 0, 0, 0, 0, 
15, 312, 0, 0, 60, 0, 
15, 313, 0, 0, 0, 0, 
15, 321, 0, 0, 0, 0, 
15, 322, 0, 0, 0, 0, 
15, 351, 0, 0, 0, 0, 
15, 352, 0, 0, 0, 0, 
15, 353, 0, 0, 0, 0, 
15, 361, 0, 0, 125, 0, 
15, 362, 0, 0, 0, 0, 
15, 375, 0, 0, 0, 0, 
15, 404, 0, 0, 0, 0, 
15, 461, 0, 0, 0, 0, 
15, 462, 0, 0, 0, 0, 
15, 463, 0, 0, 0, 1, 
15, 475, 0, 0, 0, 0, 
15, 540, 0, 0, 0, 0, 
15, 542, 0, 0, 5, 0, 
15, 544, 0, 0, 0, 0, 
15, 547, 0, 0, 29, 0, 
15, 549, 0, 0, 0, 0, 
15, 602, 0, 0, 13, 0, 
15, 603, 0, 0, 0, 0, 
15, 604, 0, 0, 95, 0, 
15, 605, 0, 0, 0, 0, 
15, 606, 0, 0, 1, 0, 
15, 631, 0, 0, 41, 0, 
15, 730, 0, 0, 0, 0, 
15, 732, 0, 0, 2, 0, 
15, 742, 0, 0, 53, 0, 
15, 745, 0, 0, 22, 0, 
15, 746, 0, 0, 3, 0, 
15, 747, 0, 0, 0, 0, 
15, 748, 0, 0, 35, 0, 
15, 749, 0, 0, 2, 0, 
15, 763, 0, 0, 37, 0, 
15, 766, 0, 0, 0, 0, 
15, 768, 0, 0, 0, 0, 
15, 801, 0, 0, 895, 4871, 
15, 803, 0, 0, 40, 327, 
15, 805, 0, 0, 1927, 3895, 
15, 807, 0, 0, 132, 985, 
15, 810, 0, 0, 8, 105, 
15, 811, 0, 0, 606, 2955, 
15, 814, 0, 0, 262, 869, 
15, 815, 0, 0, 495, 496, 
15, 818, 0, 0, 965, 1722, 
15, 821, 0, 0, 75, 384, 
15, 823, 0, 0, 0, 0, 
15, 826, 0, 0, 2, 0, 
15, 827, 0, 0, 0, 0, 
15, 829, 0, 0, 0, 0, 
15, 834, 0, 0, 2, 0, 
15, 835, 0, 0, 0, 0, 
15, 838, 0, 0, 0, 1, 
15, 839, 0, 0, 630, 3853, 
15, 843, 0, 0, 0, 0, 
15, 846, 0, 0, 2, 11, 
15, 847, 0, 0, 0, 0, 
15, 901, 0, 0, 2, 0, 
15, 972, 0, 0, 15, 0, 
15, 973, 0, 0, 1, 0, 
15, 974, 0, 0, 1, 0, 
15, 975, 0, 0, 0, 0, 
15, 981, 0, 0, 146, 9, 
15, 73, 0, 0, 0, 0, 
16, 3, 0, 0, 98850, 102259, 
16, 4, 0, 0, 0, 0, 
16, 5, 0, 0, 111118, 235234, 
16, 11, 0, 0, 0, 0, 
16, 15, 0, 0, 0, 1517, 
16, 17, 0, 0, 0, 39, 
16, 18, 0, 0, 0, 0, 
16, 19, 0, 0, 0, 1, 
16, 20, 0, 0, 0, 19, 
16, 21, 0, 0, 0, 0, 
16, 51, 0, 0, 0, 0, 
16, 52, 0, 0, 0, 0, 
16, 58, 0, 0, 0, 13, 
16, 59, 0, 0, 0, 1637, 
16, 61, 0, 0, 0, 657, 
16, 62, 0, 0, 0, 7552, 
16, 63, 0, 0, 0, 3604, 
16, 64, 0, 0, 0, 1190, 
16, 65, 0, 0, 0, 11966, 
16, 66, 0, 0, 0, 996, 
16, 68, 0, 0, 0, 11, 
16, 69, 0, 0, 0, 1106, 
16, 81, 0, 0, 0, 4068, 
16, 93, 0, 0, 0, 0, 
16, 96, 0, 0, 0, 0, 
16, 101, 0, 0, 0, 0, 
16, 103, 0, 0, 0, 0, 
16, 104, 0, 0, 0, 0, 
16, 106, 0, 0, 0, 339, 
16, 108, 0, 0, 0, 0, 
16, 109, 0, 0, 0, 103, 
16, 113, 0, 0, 0, 0, 
16, 114, 0, 0, 0, 0, 
16, 116, 0, 0, 0, 0, 
16, 117, 0, 0, 0, 0, 
16, 118, 0, 0, 0, 0, 
16, 119, 0, 0, 0, 0, 
16, 122, 0, 0, 0, 42260, 
16, 124, 0, 0, 0, 0, 
16, 127, 0, 0, 0, 7749, 
16, 133, 0, 0, 0, 9004, 
16, 134, 0, 0, 0, 42, 
16, 135, 0, 0, 0, 6, 
16, 137, 0, 0, 0, 5, 
16, 140, 0, 0, 0, 2, 
16, 141, 0, 0, 0, 2, 
16, 142, 0, 0, 0, 0, 
16, 143, 0, 0, 0, 5083, 
16, 201, 0, 0, 0, 962, 
16, 202, 0, 0, 0, 2563, 
16, 211, 0, 0, 0, 3, 
16, 212, 0, 0, 0, 1, 
16, 242, 0, 0, 0, 0, 
16, 263, 0, 0, 0, 0, 
16, 264, 0, 0, 0, 0, 
16, 312, 0, 0, 90, 23, 
16, 313, 0, 0, 0, 0, 
16, 321, 0, 0, 0, 0, 
16, 322, 0, 0, 47, 1, 
16, 351, 0, 0, 0, 0, 
16, 352, 0, 0, 1, 0, 
16, 353, 0, 0, 0, 0, 
16, 361, 0, 0, 177, 197, 
16, 362, 0, 0, 0, 0, 
16, 375, 0, 0, 0, 0, 
16, 404, 0, 0, 1, 0, 
16, 461, 0, 0, 0, 1, 
16, 462, 0, 0, 0, 4, 
16, 463, 0, 0, 0, 86, 
16, 475, 0, 0, 0, 0, 
16, 540, 0, 0, 1, 0, 
16, 542, 0, 0, 5, 0, 
16, 544, 0, 0, 3, 0, 
16, 547, 0, 0, 64, 0, 
16, 549, 0, 0, 0, 0, 
16, 602, 0, 0, 5, 0, 
16, 603, 0, 0, 0, 0, 
16, 604, 0, 0, 97, 1, 
16, 605, 0, 0, 1, 0, 
16, 606, 0, 0, 117, 17, 
16, 631, 0, 0, 211, 0, 
16, 730, 0, 0, 0, 0, 
16, 732, 0, 0, 3, 11, 
16, 742, 0, 0, 93, 0, 
16, 745, 0, 0, 116, 0, 
16, 746, 0, 0, 17, 0, 
16, 747, 0, 0, 0, 0, 
16, 748, 0, 0, 128, 0, 
16, 749, 0, 0, 15, 0, 
16, 763, 0, 0, 118, 5, 
16, 766, 0, 0, 0, 0, 
16, 768, 0, 0, 0, 0, 
16, 801, 0, 0, 1813, 6523, 
16, 803, 0, 0, 399, 434, 
16, 805, 0, 0, 4224, 7855, 
16, 807, 0, 0, 390, 1143, 
16, 810, 0, 0, 95, 126, 
16, 811, 0, 0, 2825, 3699, 
16, 814, 0, 0, 1120, 1382, 
16, 815, 0, 0, 1118, 1383, 
16, 818, 0, 0, 2077, 4660, 
16, 821, 0, 0, 145, 908, 
16, 823, 0, 0, 1, 4, 
16, 826, 0, 0, 3, 1, 
16, 827, 0, 0, 0, 0, 
16, 829, 0, 0, 1, 0, 
16, 834, 0, 0, 1, 0, 
16, 835, 0, 0, 0, 0, 
16, 838, 0, 0, 0, 0, 
16, 839, 0, 0, 1668, 5733, 
16, 843, 0, 0, 1, 2, 
16, 846, 0, 0, 21, 14, 
16, 847, 0, 0, 0, 0, 
16, 901, 0, 0, 2, 0, 
16, 972, 0, 0, 23, 0, 
16, 973, 0, 0, 0, 0, 
16, 974, 0, 0, 1, 0, 
16, 975, 0, 0, 0, 0, 
16, 981, 0, 0, 229, 358, 
16, 73, 0, 0, 0, 0, 
17, 3, 0, 0, 19458, 107321, 
17, 4, 0, 0, 0, 0, 
17, 5, 0, 0, 20064, 226445, 
17, 11, 0, 0, 0, 0, 
17, 15, 0, 0, 0, 78, 
17, 17, 0, 0, 0, 7, 
17, 18, 0, 0, 0, 0, 
17, 19, 0, 0, 0, 0, 
17, 20, 0, 0, 0, 1, 
17, 21, 0, 0, 0, 0, 
17, 51, 0, 0, 0, 0, 
17, 52, 0, 0, 0, 0, 
17, 58, 0, 0, 0, 13, 
17, 59, 0, 0, 0, 1376, 
17, 61, 0, 0, 0, 519, 
17, 62, 0, 0, 0, 5189, 
17, 63, 0, 0, 0, 3013, 
17, 64, 0, 0, 0, 844, 
17, 65, 0, 0, 0, 8331, 
17, 66, 0, 0, 0, 838, 
17, 68, 0, 0, 0, 7, 
17, 69, 0, 0, 0, 881, 
17, 81, 0, 0, 0, 1516, 
17, 93, 0, 0, 0, 0, 
17, 96, 0, 0, 0, 0, 
17, 101, 0, 0, 0, 0, 
17, 103, 0, 0, 0, 0, 
17, 104, 0, 0, 0, 0, 
17, 106, 0, 0, 0, 0, 
17, 108, 0, 0, 0, 0, 
17, 109, 0, 0, 0, 1, 
17, 113, 0, 0, 0, 0, 
17, 114, 0, 0, 0, 0, 
17, 116, 0, 0, 0, 0, 
17, 117, 0, 0, 0, 0, 
17, 118, 0, 0, 0, 0, 
17, 119, 0, 0, 0, 0, 
17, 122, 0, 0, 0, 20631, 
17, 124, 0, 0, 0, 0, 
17, 127, 0, 0, 0, 6415, 
17, 133, 0, 0, 0, 6636, 
17, 134, 0, 0, 0, 25, 
17, 135, 0, 0, 0, 2, 
17, 137, 0, 0, 0, 1, 
17, 140, 0, 0, 0, 1, 
17, 141, 0, 0, 0, 0, 
17, 142, 0, 0, 0, 0, 
17, 143, 0, 0, 0, 3907, 
17, 201, 0, 0, 0, 442, 
17, 202, 0, 0, 0, 772, 
17, 211, 0, 0, 0, 0, 
17, 212, 0, 0, 0, 0, 
17, 242, 0, 0, 0, 0, 
17, 263, 0, 0, 0, 0, 
17, 264, 0, 0, 0, 0, 
17, 312, 0, 0, 26, 0, 
17, 313, 0, 0, 0, 0, 
17, 321, 0, 0, 0, 0, 
17, 322, 0, 0, 2, 0, 
17, 351, 0, 0, 0, 0, 
17, 352, 0, 0, 0, 0, 
17, 353, 0, 0, 0, 0, 
17, 361, 0, 0, 82, 0, 
17, 362, 0, 0, 0, 0, 
17, 375, 0, 0, 0, 0, 
17, 404, 0, 0, 0, 0, 
17, 461, 0, 0, 0, 0, 
17, 462, 0, 0, 0, 0, 
17, 463, 0, 0, 0, 6, 
17, 475, 0, 0, 0, 0, 
17, 540, 0, 0, 0, 0, 
17, 542, 0, 0, 0, 0, 
17, 544, 0, 0, 1, 0, 
17, 547, 0, 0, 27, 0, 
17, 549, 0, 0, 0, 0, 
17, 602, 0, 0, 7, 0, 
17, 603, 0, 0, 0, 0, 
17, 604, 0, 0, 27, 0, 
17, 605, 0, 0, 0, 0, 
17, 606, 0, 0, 34, 0, 
17, 631, 0, 0, 127, 0, 
17, 730, 0, 0, 0, 0, 
17, 732, 0, 0, 1, 0, 
17, 742, 0, 0, 23, 0, 
17, 745, 0, 0, 29, 1, 
17, 746, 0, 0, 4, 0, 
17, 747, 0, 0, 0, 0, 
17, 748, 0, 0, 51, 4, 
17, 749, 0, 0, 1, 0, 
17, 763, 0, 0, 16, 0, 
17, 766, 0, 0, 0, 0, 
17, 768, 0, 0, 0, 0, 
17, 801, 0, 0, 755, 4997, 
17, 803, 0, 0, 34, 306, 
17, 805, 0, 0, 1152, 3778, 
17, 807, 0, 0, 127, 1051, 
17, 810, 0, 0, 4, 104, 
17, 811, 0, 0, 474, 2897, 
17, 814, 0, 0, 254, 810, 
17, 815, 0, 0, 228, 453, 
17, 818, 0, 0, 404, 1677, 
17, 821, 0, 0, 41, 409, 
17, 823, 0, 0, 1, 2, 
17, 826, 0, 0, 0, 1, 
17, 827, 0, 0, 0, 0, 
17, 829, 0, 0, 0, 0, 
17, 834, 0, 0, 0, 0, 
17, 835, 0, 0, 0, 0, 
17, 838, 0, 0, 0, 0, 
17, 839, 0, 0, 423, 3652, 
17, 843, 0, 0, 0, 3, 
17, 846, 0, 0, 0, 13, 
17, 847, 0, 0, 0, 0, 
17, 901, 0, 0, 0, 0, 
17, 972, 0, 0, 4, 0, 
17, 973, 0, 0, 0, 0, 
17, 974, 0, 0, 0, 0, 
17, 975, 0, 0, 0, 0, 
17, 981, 0, 0, 72, 17, 
17, 73, 0, 0, 0, 0, 
18, 3, 0, 0, 28873, 126980, 
18, 4, 0, 0, 0, 0, 
18, 5, 0, 0, 32175, 238835, 
18, 11, 0, 0, 0, 0, 
18, 15, 0, 0, 0, 678, 
18, 17, 0, 0, 0, 74, 
18, 18, 0, 0, 0, 0, 
18, 19, 0, 0, 0, 0, 
18, 20, 0, 0, 0, 37, 
18, 21, 0, 0, 0, 0, 
18, 51, 0, 0, 0, 0, 
18, 52, 0, 0, 0, 0, 
18, 58, 0, 0, 0, 7, 
18, 59, 0, 0, 0, 1204, 
18, 61, 0, 0, 0, 466, 
18, 62, 0, 0, 0, 3258, 
18, 63, 0, 0, 0, 2699, 
18, 64, 0, 0, 0, 402, 
18, 65, 0, 0, 0, 7664, 
18, 66, 0, 0, 0, 747, 
18, 68, 0, 0, 0, 3, 
18, 69, 0, 0, 0, 750, 
18, 81, 0, 0, 0, 2311, 
18, 93, 0, 0, 0, 0, 
18, 96, 0, 0, 0, 0, 
18, 101, 0, 0, 0, 0, 
18, 103, 0, 0, 0, 0, 
18, 104, 0, 0, 0, 0, 
18, 106, 0, 0, 0, 191, 
18, 108, 0, 0, 0, 0, 
18, 109, 0, 0, 0, 66, 
18, 113, 0, 0, 0, 0, 
18, 114, 0, 0, 0, 0, 
18, 116, 0, 0, 0, 0, 
18, 117, 0, 0, 0, 0, 
18, 118, 0, 0, 0, 0, 
18, 119, 0, 0, 0, 0, 
18, 122, 0, 0, 0, 24047, 
18, 124, 0, 0, 0, 0, 
18, 127, 0, 0, 0, 5978, 
18, 133, 0, 0, 0, 3513, 
18, 134, 0, 0, 0, 20, 
18, 135, 0, 0, 0, 1, 
18, 137, 0, 0, 0, 0, 
18, 140, 0, 0, 0, 0, 
18, 141, 0, 0, 0, 1, 
18, 142, 0, 0, 0, 0, 
18, 143, 0, 0, 0, 3353, 
18, 201, 0, 0, 0, 586, 
18, 202, 0, 0, 0, 1344, 
18, 211, 0, 0, 0, 2, 
18, 212, 0, 0, 0, 0, 
18, 242, 0, 0, 0, 0, 
18, 263, 0, 0, 0, 0, 
18, 264, 0, 0, 0, 0, 
18, 312, 0, 0, 29, 0, 
18, 313, 0, 0, 0, 0, 
18, 321, 0, 0, 0, 0, 
18, 322, 0, 0, 5, 2, 
18, 351, 0, 0, 0, 0, 
18, 352, 0, 0, 0, 0, 
18, 353, 0, 0, 0, 0, 
18, 361, 0, 0, 63, 24, 
18, 362, 0, 0, 0, 0, 
18, 375, 0, 0, 0, 0, 
18, 404, 0, 0, 1, 0, 
18, 461, 0, 0, 0, 0, 
18, 462, 0, 0, 0, 1, 
18, 463, 0, 0, 0, 46, 
18, 475, 0, 0, 0, 0, 
18, 540, 0, 0, 0, 0, 
18, 542, 0, 0, 0, 0, 
18, 544, 0, 0, 0, 0, 
18, 547, 0, 0, 42, 0, 
18, 549, 0, 0, 0, 0, 
18, 602, 0, 0, 6, 0, 
18, 603, 0, 0, 0, 0, 
18, 604, 0, 0, 52, 0, 
18, 605, 0, 0, 0, 0, 
18, 606, 0, 0, 69, 2, 
18, 631, 0, 0, 38, 0, 
18, 730, 0, 0, 0, 0, 
18, 732, 0, 0, 0, 0, 
18, 742, 0, 0, 42, 0, 
18, 745, 0, 0, 47, 0, 
18, 746, 0, 0, 2, 0, 
18, 747, 0, 0, 0, 0, 
18, 748, 0, 0, 18, 0, 
18, 749, 0, 0, 9, 0, 
18, 763, 0, 0, 62, 1, 
18, 766, 0, 0, 0, 0, 
18, 768, 0, 0, 0, 0, 
18, 801, 0, 0, 835, 5701, 
18, 803, 0, 0, 128, 434, 
18, 805, 0, 0, 1702, 5191, 
18, 807, 0, 0, 149, 745, 
18, 810, 0, 0, 21, 126, 
18, 811, 0, 0, 941, 4171, 
18, 814, 0, 0, 425, 1160, 
18, 815, 0, 0, 413, 723, 
18, 818, 0, 0, 907, 2848, 
18, 821, 0, 0, 49, 406, 
18, 823, 0, 0, 2, 3, 
18, 826, 0, 0, 3, 1, 
18, 827, 0, 0, 0, 0, 
18, 829, 0, 0, 0, 0, 
18, 834, 0, 0, 0, 0, 
18, 835, 0, 0, 0, 0, 
18, 838, 0, 0, 0, 0, 
18, 839, 0, 0, 630, 4310, 
18, 843, 0, 0, 0, 6, 
18, 846, 0, 0, 0, 14, 
18, 847, 0, 0, 0, 0, 
18, 901, 0, 0, 0, 0, 
18, 972, 0, 0, 15, 0, 
18, 973, 0, 0, 0, 0, 
18, 974, 0, 0, 0, 0, 
18, 975, 0, 0, 0, 0, 
18, 981, 0, 0, 84, 122, 
18, 73, 0, 0, 0, 0, 
